;verification;data
¬øC√≥mo_contactas_con_el_CAU_para_solicitar_ayuda?;True;"Contacta con el Centro de Atenci√≥n a Usuarios (CAU) de Tecnolog√≠as de la Informaci√≥n por cualquiera de estos medios:<br><br><strong>Por correo electr√≥nico: <a href=""mailto:cau@uam.es"">cau@uam.es</a><br></strong></p>
<p>&nbsp;</p>
<p><strong>Por tel√©fono üìû:</strong> 914974029.</p>
<p>&nbsp;</p>
<p style=""color: rgb(34, 43, 69); font-family: 'Open Sans', sans-serif; font-size: 15px; font-weight: 400; line-height: var(--text-paragraph-line-height);""><span style=""font-weight: bolder;""><strong>Presencialmente:</strong>&nbsp; </span>Escuela Polit√©cnica Superior. Edificio B. Calle Francisco Tom√°s y Valiente n¬∫ 11. Campus Cantoblanco. 28049 Madrid</p>
<p style=""color: rgb(34, 43, 69); font-family: 'Open Sans', sans-serif; font-size: 15px; font-weight: 400; line-height: var(--text-paragraph-line-height);""><span style=""font-weight: bolder;""><a style=""text-decoration: var(--link-text-decoration);"" href=""https://www.uam.es/uam/media/doc/1606854713536/plano-uam-final.pdf"">(Plano Campus)</a></span></p>
<p><br><strong>Horario de atenci√≥n telef√≥nica, remota y presencial‚Äã: </strong>De lunes a viernes, excepto festivos, de 9:00h a 17:30h.<br><strong>Horario en per√≠odos de suspensi√≥n de actividad laboral de la UAM: </strong>De lunes a viernes (excepto festivos), de 9:00h a 14:00h. Solamente se presta atenci√≥n telef√≥nica.</p>
<p><strong><br>Consultar el <a href=""https://www.uam.es/uam/tecnologias-informacion/servicios-ti"">CAT√ÅLOGO DE SERVICIOS OFRECIDOS</a></strong></p>"
¬øQuien_es_el_mejor_jugador_de_futbol_de_los_equipos_de_Madrid?;False;
